{
    "best_f1": 0.8429447626765881,
    "precision": 0.936714560563265,
    "recall": 0.7662402893115456,
    "val_loss": 0.040633602012693885
}